title,publisher,name
Machine Learning and Its Application at Nooksack Falls Hydroelectric Station.,AAAI Press / The MIT Press,Scott Alexander
Machine Learning and Its Application at Nooksack Falls Hydroelectric Station.,AAAI Press / The MIT Press,Jianna Zhang
Effective End-User Interaction with Machine Learning.,AAAI Press,Saleema Amershi
Effective End-User Interaction with Machine Learning.,AAAI Press,James Fogarty
Effective End-User Interaction with Machine Learning.,AAAI Press,Ashish Kapoor
Effective End-User Interaction with Machine Learning.,AAAI Press,Desney S. Tan
ADVISOR: A Machine Learning Architecture for Intelligent Tutor Construction.,AAAI Press / The MIT Press,Joseph Beck
ADVISOR: A Machine Learning Architecture for Intelligent Tutor Construction.,AAAI Press / The MIT Press,Beverly Park Woolf
ADVISOR: A Machine Learning Architecture for Intelligent Tutor Construction.,AAAI Press / The MIT Press,Carole R. Beal
Machine Learning for Computational Psychology.,AAAI Press,Sarah M. Brown
FutureMatch: Combining Human Value Judgments and Machine Learning to Match in Dynamic Environments.,AAAI Press,John P. Dickerson
FutureMatch: Combining Human Value Judgments and Machine Learning to Match in Dynamic Environments.,AAAI Press,Tuomas Sandholm
Conventional Machine Learning for Social Choice.,AAAI Press,John A. Doucette
Conventional Machine Learning for Social Choice.,AAAI Press,Kate Larson
Conventional Machine Learning for Social Choice.,AAAI Press,Robin Cohen
Day-Ahead Hail Prediction Integrating Machine Learning with Storm-Scale Numerical Weather Models.,AAAI Press,David John Gagne II
Day-Ahead Hail Prediction Integrating Machine Learning with Storm-Scale Numerical Weather Models.,AAAI Press,Amy McGovern
Day-Ahead Hail Prediction Integrating Machine Learning with Storm-Scale Numerical Weather Models.,AAAI Press,Jerald Brotzge
Day-Ahead Hail Prediction Integrating Machine Learning with Storm-Scale Numerical Weather Models.,AAAI Press,Michael Coniglio
Day-Ahead Hail Prediction Integrating Machine Learning with Storm-Scale Numerical Weather Models.,AAAI Press,James Correia Jr.
Day-Ahead Hail Prediction Integrating Machine Learning with Storm-Scale Numerical Weather Models.,AAAI Press,Ming Xue
A Case Study on the Critical Role of Geometric Regularity in Machine Learning.,AAAI Press,Jason Gauci
A Case Study on the Critical Role of Geometric Regularity in Machine Learning.,AAAI Press,Kenneth O. Stanley
Selecting the Appropriate Consistency Algorithm for CSPs Using Machine Learning Classifiers.,AAAI Press,Daniel J. Geschwender
Selecting the Appropriate Consistency Algorithm for CSPs Using Machine Learning Classifiers.,AAAI Press,Shant Karakashian
Selecting the Appropriate Consistency Algorithm for CSPs Using Machine Learning Classifiers.,AAAI Press,Robert J. Woodward
Selecting the Appropriate Consistency Algorithm for CSPs Using Machine Learning Classifiers.,AAAI Press,Berthe Y. Choueiry
Selecting the Appropriate Consistency Algorithm for CSPs Using Machine Learning Classifiers.,AAAI Press,Stephen D. Scott
Sustainable Building Design: A Challenge at the Intersection of Machine Learning and Design Optimization.,AAAI Press,Siamak Safarzadegan Gilan
Sustainable Building Design: A Challenge at the Intersection of Machine Learning and Design Optimization.,AAAI Press,Bistra Dilkina
Biomind ArrayGenius and GeneGenius: Web Services Offering Microarray and SNP Data Analysis via Novel Machine Learning Methods.,AAAI Press,Ben Goertzel
Biomind ArrayGenius and GeneGenius: Web Services Offering Microarray and SNP Data Analysis via Novel Machine Learning Methods.,AAAI Press,Cassio Pennachin
Biomind ArrayGenius and GeneGenius: Web Services Offering Microarray and SNP Data Analysis via Novel Machine Learning Methods.,AAAI Press,Lúcio de Souza Coelho
Biomind ArrayGenius and GeneGenius: Web Services Offering Microarray and SNP Data Analysis via Novel Machine Learning Methods.,AAAI Press,Leonardo Shikida
Biomind ArrayGenius and GeneGenius: Web Services Offering Microarray and SNP Data Analysis via Novel Machine Learning Methods.,AAAI Press,Murilo Saraiva de Queiroz
Predicting Electricity Distribution Feeder Failures Using Machine Learning Susceptibility Analysis.,AAAI Press,Philip Gross
Predicting Electricity Distribution Feeder Failures Using Machine Learning Susceptibility Analysis.,AAAI Press,Albert Boulanger
Predicting Electricity Distribution Feeder Failures Using Machine Learning Susceptibility Analysis.,AAAI Press,Marta Arias
Predicting Electricity Distribution Feeder Failures Using Machine Learning Susceptibility Analysis.,AAAI Press,David L. Waltz
Predicting Electricity Distribution Feeder Failures Using Machine Learning Susceptibility Analysis.,AAAI Press,Philip M. Long
Predicting Electricity Distribution Feeder Failures Using Machine Learning Susceptibility Analysis.,AAAI Press,Charles Lawson
Predicting Electricity Distribution Feeder Failures Using Machine Learning Susceptibility Analysis.,AAAI Press,Roger Anderson
Predicting Electricity Distribution Feeder Failures Using Machine Learning Susceptibility Analysis.,AAAI Press,Matthew Koenig
Predicting Electricity Distribution Feeder Failures Using Machine Learning Susceptibility Analysis.,AAAI Press,Mark Mastrocinque
Predicting Electricity Distribution Feeder Failures Using Machine Learning Susceptibility Analysis.,AAAI Press,William Fairechio
Predicting Electricity Distribution Feeder Failures Using Machine Learning Susceptibility Analysis.,AAAI Press,John A. Johnson
Predicting Electricity Distribution Feeder Failures Using Machine Learning Susceptibility Analysis.,AAAI Press,Serena Lee
Predicting Electricity Distribution Feeder Failures Using Machine Learning Susceptibility Analysis.,AAAI Press,Frank Doherty
Predicting Electricity Distribution Feeder Failures Using Machine Learning Susceptibility Analysis.,AAAI Press,Arthur Kressner
Towards Learning From Stories: An Approach to Interactive Machine Learning.,AAAI Press,Brent Harrison
Towards Learning From Stories: An Approach to Interactive Machine Learning.,AAAI Press,Mark O. Riedl
On Heterogeneous Machine Learning Ensembles for Wind Power Prediction.,AAAI Press,Justin Heinermann
On Heterogeneous Machine Learning Ensembles for Wind Power Prediction.,AAAI Press,Oliver Kramer
A Machine Learning Approach to Musically Meaningful Homogeneous Style Classification.,AAAI Press,William Herlands
A Machine Learning Approach to Musically Meaningful Homogeneous Style Classification.,AAAI Press,Ricky Der
A Machine Learning Approach to Musically Meaningful Homogeneous Style Classification.,AAAI Press,Yoel Greenberg
A Machine Learning Approach to Musically Meaningful Homogeneous Style Classification.,AAAI Press,Simon A. Levin
Performance and Preferences: Interactive Refinement of Machine Learning Procedures.,AAAI Press,Ashish Kapoor
Performance and Preferences: Interactive Refinement of Machine Learning Procedures.,AAAI Press,Bongshin Lee
Performance and Preferences: Interactive Refinement of Machine Learning Procedures.,AAAI Press,Desney S. Tan
Performance and Preferences: Interactive Refinement of Machine Learning Procedures.,AAAI Press,Eric Horvitz
Machine Learning for Meeting Analysis.,AAAI,Been Kim
Machine Learning for Meeting Analysis.,AAAI,Cynthia Rudin
Machine Learning for Fast Quadrupedal Locomotion.,AAAI Press / The MIT Press,Nate Kohl
Machine Learning for Fast Quadrupedal Locomotion.,AAAI Press / The MIT Press,Peter Stone
Detecting Spam Blogs: A Machine Learning Approach.,AAAI Press,Pranam Kolari
Detecting Spam Blogs: A Machine Learning Approach.,AAAI Press,Akshay Java
Detecting Spam Blogs: A Machine Learning Approach.,AAAI Press,Tim Finin
Detecting Spam Blogs: A Machine Learning Approach.,AAAI Press,Tim Oates
Detecting Spam Blogs: A Machine Learning Approach.,AAAI Press,Anupam Joshi
Activity-Centric Email: A Machine Learning Approach.,AAAI Press,Nicholas Kushmerick
Activity-Centric Email: A Machine Learning Approach.,AAAI Press,Tessa A. Lau
Activity-Centric Email: A Machine Learning Approach.,AAAI Press,Mark Dredze
Activity-Centric Email: A Machine Learning Approach.,AAAI Press,Rinat Khoussainov
On Quality Control and Machine Learning in Crowdsourcing.,AAAI,Matthew Lease
Machine Learning for Adaptive Image Interpretation.,AAAI Press / The MIT Press,Ilya Levner
Machine Learning for Adaptive Image Interpretation.,AAAI Press / The MIT Press,Vadim Bulitko
Generalization Analysis for Game-Theoretic Machine Learning.,AAAI Press,Haifang Li
Generalization Analysis for Game-Theoretic Machine Learning.,AAAI Press,Fei Tian
Generalization Analysis for Game-Theoretic Machine Learning.,AAAI Press,Wei Chen
Generalization Analysis for Game-Theoretic Machine Learning.,AAAI Press,Tao Qin
Generalization Analysis for Game-Theoretic Machine Learning.,AAAI Press,Zhiming Ma
Generalization Analysis for Game-Theoretic Machine Learning.,AAAI Press,Tie-Yan Liu
Initial Exploration of Machine Learning to Predict Customer Demand in an Energy Market Simulation.,AAAI,Jaime Parra Jr.
Initial Exploration of Machine Learning to Predict Customer Demand in an Energy Market Simulation.,AAAI,Christopher Kiekintveld
Examining Difficulties Software Developers Encounter in the Adoption of Statistical Machine Learning.,AAAI Press,Kayur Patel
Examining Difficulties Software Developers Encounter in the Adoption of Statistical Machine Learning.,AAAI Press,James Fogarty
Examining Difficulties Software Developers Encounter in the Adoption of Statistical Machine Learning.,AAAI Press,James A. Landay
Examining Difficulties Software Developers Encounter in the Adoption of Statistical Machine Learning.,AAAI Press,Beverly L. Harrison
A Machine Learning Approach to Predicting Blood Glucose Levels for Diabetes Management.,AAAI,Kevin Plis
A Machine Learning Approach to Predicting Blood Glucose Levels for Diabetes Management.,AAAI,Razvan C. Bunescu
A Machine Learning Approach to Predicting Blood Glucose Levels for Diabetes Management.,AAAI,Cindy Marling
A Machine Learning Approach to Predicting Blood Glucose Levels for Diabetes Management.,AAAI,Jay Shubrook
A Machine Learning Approach to Predicting Blood Glucose Levels for Diabetes Management.,AAAI,Frank Schwartz
Constraint Programming for Data Mining and Machine Learning.,AAAI Press,Luc De Raedt
Constraint Programming for Data Mining and Machine Learning.,AAAI Press,Tias Guns
Constraint Programming for Data Mining and Machine Learning.,AAAI Press,Siegfried Nijssen
Active Task Selection for Lifelong Machine Learning.,AAAI Press,Paul Ruvolo
Active Task Selection for Lifelong Machine Learning.,AAAI Press,Eric Eaton
Machine Learning for Automatic Mapping of Planetary Surfaces.,AAAI Press,Tomasz F. Stepinski
Machine Learning for Automatic Mapping of Planetary Surfaces.,AAAI Press,Soumya Ghosh
Machine Learning for Automatic Mapping of Planetary Surfaces.,AAAI Press,Ricardo Vilalta
Exploiting an Oracle That Reports AUC Scores in Machine Learning Contests.,AAAI Press,Jacob Whitehill
Using Machine Learning to Improve Stochastic Optimization.,AAAI,David Wolpert
Using Machine Learning to Improve Stochastic Optimization.,AAAI,Dev G. Rajnarayan
Combining Machine Learning and Crowdsourcing for Better Understanding Commodity Reviews.,AAAI Press,Heting Wu
Combining Machine Learning and Crowdsourcing for Better Understanding Commodity Reviews.,AAAI Press,Hailong Sun
Combining Machine Learning and Crowdsourcing for Better Understanding Commodity Reviews.,AAAI Press,Yili Fang
Combining Machine Learning and Crowdsourcing for Better Understanding Commodity Reviews.,AAAI Press,Kefan Hu
Combining Machine Learning and Crowdsourcing for Better Understanding Commodity Reviews.,AAAI Press,Yongqing Xie
Combining Machine Learning and Crowdsourcing for Better Understanding Commodity Reviews.,AAAI Press,Yangqiu Song
Combining Machine Learning and Crowdsourcing for Better Understanding Commodity Reviews.,AAAI Press,Xudong Liu
On Machine Learning towards Predictive Sales Pipeline Analytics.,AAAI Press,Junchi Yan
On Machine Learning towards Predictive Sales Pipeline Analytics.,AAAI Press,Chao Zhang
On Machine Learning towards Predictive Sales Pipeline Analytics.,AAAI Press,Hongyuan Zha
On Machine Learning towards Predictive Sales Pipeline Analytics.,AAAI Press,Min Gong
On Machine Learning towards Predictive Sales Pipeline Analytics.,AAAI Press,Changhua Sun
On Machine Learning towards Predictive Sales Pipeline Analytics.,AAAI Press,Jin Huang
On Machine Learning towards Predictive Sales Pipeline Analytics.,AAAI Press,Stephen M. Chu
On Machine Learning towards Predictive Sales Pipeline Analytics.,AAAI Press,Xiaokang Yang
Machine Teaching: An Inverse Problem to Machine Learning and an Approach Toward Optimal Education.,AAAI Press,Xiaojin Zhu 0001
A Re-examination of Machine Learning Approaches for Sentence-Level MT Evaluation.,The Association for Computational Linguistics,Joshua Albrecht
A Re-examination of Machine Learning Approaches for Sentence-Level MT Evaluation.,The Association for Computational Linguistics,Rebecca Hwa
Using Machine Learning Techniques to Build a Comma Checker for Basque.,The Association for Computer Linguistics,Iñaki Alegria
Using Machine Learning Techniques to Build a Comma Checker for Basque.,The Association for Computer Linguistics,Bertol Arrieta
Using Machine Learning Techniques to Build a Comma Checker for Basque.,The Association for Computer Linguistics,Arantza Díaz de Ilarraza Sánchez
Using Machine Learning Techniques to Build a Comma Checker for Basque.,The Association for Computer Linguistics,Eli Izagirre
Using Machine Learning Techniques to Build a Comma Checker for Basque.,The Association for Computer Linguistics,Montse Maritxalar
A Machine Learning Approach to the Automatic Evaluation of Machine Translation.,Morgan Kaufmann Publishers,Simon Corston-Oliver
A Machine Learning Approach to the Automatic Evaluation of Machine Translation.,Morgan Kaufmann Publishers,Michael Gamon
A Machine Learning Approach to the Automatic Evaluation of Machine Translation.,Morgan Kaufmann Publishers,Chris Brockett
Applying Machine Learning to Chinese Temporal Relation Resolution.,ACL,Wenjie Li
Applying Machine Learning to Chinese Temporal Relation Resolution.,ACL,Kam-Fai Wong
Applying Machine Learning to Chinese Temporal Relation Resolution.,ACL,Guihong Cao
Applying Machine Learning to Chinese Temporal Relation Resolution.,ACL,Chunfa Yuan
Paraphrase Recognition Using Machine Learning to Combine Similarity Measures.,The Association for Computer Linguistics,Prodromos Malakasiotis
Machine Learning of Temporal Relations.,The Association for Computer Linguistics,Inderjeet Mani
Machine Learning of Temporal Relations.,The Association for Computer Linguistics,Marc Verhagen
Machine Learning of Temporal Relations.,The Association for Computer Linguistics,Ben Wellner
Machine Learning of Temporal Relations.,The Association for Computer Linguistics,Chong Min Lee
Machine Learning of Temporal Relations.,The Association for Computer Linguistics,James Pustejovsky
Machine Learning for Coreference Resolution: From Local Classification to Global Ranking.,The Association for Computer Linguistics,Vincent Ng
Improving Machine Learning Approaches to Coreference Resolution.,ACL,Vincent Ng
Improving Machine Learning Approaches to Coreference Resolution.,ACL,Claire Gardent
Using Machine Learning to Maintain Rule-based Named-Entity Recognition and Classification Systems.,Morgan Kaufmann Publishers,Georgios Petasis
Using Machine Learning to Maintain Rule-based Named-Entity Recognition and Classification Systems.,Morgan Kaufmann Publishers,Frantz Vichot
Using Machine Learning to Maintain Rule-based Named-Entity Recognition and Classification Systems.,Morgan Kaufmann Publishers,Francis Wolinski
Using Machine Learning to Maintain Rule-based Named-Entity Recognition and Classification Systems.,Morgan Kaufmann Publishers,Georgios Paliouras
Using Machine Learning to Maintain Rule-based Named-Entity Recognition and Classification Systems.,Morgan Kaufmann Publishers,Vangelis Karkaletsis
Using Machine Learning to Maintain Rule-based Named-Entity Recognition and Classification Systems.,Morgan Kaufmann Publishers,Constantine D. Spyropoulos
Using Emoticons to Reduce Dependency in Machine Learning Techniques for Sentiment Classification.,The Association for Computer Linguistics,Jonathon Read
Using Machine Learning to Explore Human Multimodal Clarification Strategies.,The Association for Computer Linguistics,Verena Rieser
Using Machine Learning to Explore Human Multimodal Clarification Strategies.,The Association for Computer Linguistics,Oliver Lemon
A Machine Learning Approach to Pronoun Resolution in Spoken Dialogue.,ACL,Michael Strube 0001
A Machine Learning Approach to Pronoun Resolution in Spoken Dialogue.,ACL,Christoph Müller 0002
Trimming CFG Parse Trees for Sentence Compression Using Machine Learning Approaches.,The Association for Computer Linguistics,Yuya Unno
Trimming CFG Parse Trees for Sentence Compression Using Machine Learning Approaches.,The Association for Computer Linguistics,Takashi Ninomiya
Trimming CFG Parse Trees for Sentence Compression Using Machine Learning Approaches.,The Association for Computer Linguistics,Yusuke Miyao
Trimming CFG Parse Trees for Sentence Compression Using Machine Learning Approaches.,The Association for Computer Linguistics,Jun'ichi Tsujii
A Seed-driven Bottom-up Machine Learning Framework for Extracting Relations of Various Complexity.,The Association for Computational Linguistics,Feiyu Xu
A Seed-driven Bottom-up Machine Learning Framework for Extracting Relations of Various Complexity.,The Association for Computational Linguistics,Hans Uszkoreit
A Seed-driven Bottom-up Machine Learning Framework for Extracting Relations of Various Complexity.,The Association for Computational Linguistics,Hong Li
Extracting Comparative Sentences from Korean Text Documents Using Comparative Lexical Patterns and Machine Learning Techniques.,The Association for Computer Linguistics,Seon Yang
Extracting Comparative Sentences from Korean Text Documents Using Comparative Lexical Patterns and Machine Learning Techniques.,The Association for Computer Linguistics,Youngjoong Ko
Using Machine Learning Techniques to Interpret WH-questions.,Morgan Kaufmann Publishers,Ingrid Zuckerman
Using Machine Learning Techniques to Interpret WH-questions.,Morgan Kaufmann Publishers,Eric Horvitz
Opening the Knowledge Tombs - Web Based Text Mining as Approach for Re-evaluation of Machine Learning Rules.,Springer,Milan Zorman
Opening the Knowledge Tombs - Web Based Text Mining as Approach for Re-evaluation of Machine Learning Rules.,Springer,Sandi Pohorec
Opening the Knowledge Tombs - Web Based Text Mining as Approach for Re-evaluation of Machine Learning Rules.,Springer,Bostjan Brumen
Machine Learning in Ecosystem Informatics.,Springer,Thomas G. Dietterich
Declarative Modeling for Machine Learning and Data Mining.,Springer,Luc De Raedt
A Machine Learning Technique for Hardness Estimation of QFBV SMT Problems.,EasyChair,Mohammad Abdul Aziz
A Machine Learning Technique for Hardness Estimation of QFBV SMT Problems.,EasyChair,Amr G. Wassal
A Machine Learning Technique for Hardness Estimation of QFBV SMT Problems.,EasyChair,Nevin M. Darwish
Specification Inference and Invariant Generation: A Machine Learning Perspective.,EasyChair,Aditya V. Nori
ModelTracker: Redesigning Performance Analysis Tools for Machine Learning.,ACM,Saleema Amershi
ModelTracker: Redesigning Performance Analysis Tools for Machine Learning.,ACM,Max Chickering
ModelTracker: Redesigning Performance Analysis Tools for Machine Learning.,ACM,Steven M. Drucker
ModelTracker: Redesigning Performance Analysis Tools for Machine Learning.,ACM,Bongshin Lee
ModelTracker: Redesigning Performance Analysis Tools for Machine Learning.,ACM,Patrice Y. Simard
ModelTracker: Redesigning Performance Analysis Tools for Machine Learning.,ACM,Jina Suh
Regroup: interactive machine learning for on-demand group creation in social networks.,ACM,Saleema Amershi
Regroup: interactive machine learning for on-demand group creation in social networks.,ACM,James Fogarty
Regroup: interactive machine learning for on-demand group creation in social networks.,ACM,Daniel S. Weld
Apolo: making sense of large network data by combining rich user interaction and machine learning.,ACM,Duen Horng Chau
Apolo: making sense of large network data by combining rich user interaction and machine learning.,ACM,Aniket Kittur
Apolo: making sense of large network data by combining rich user interaction and machine learning.,ACM,Jason I. Hong
Apolo: making sense of large network data by combining rich user interaction and machine learning.,ACM,Christos Faloutsos
Concept of Interactive Machine Learning in Urban Design Problems.,ACM,Artem M. Chirkin
Concept of Interactive Machine Learning in Urban Design Problems.,ACM,Reinhard König
GaussBox: Prototyping Movement Interaction with Interactive Visualizations of Machine Learning.,ACM,Jules Françoise
GaussBox: Prototyping Movement Interaction with Interactive Visualizations of Machine Learning.,ACM,Frédéric Bevilacqua
GaussBox: Prototyping Movement Interaction with Interactive Visualizations of Machine Learning.,ACM,Thecla Schiphorst
Human-Centred Machine Learning.,ACM,Marco Gillies
Human-Centred Machine Learning.,ACM,Rebecca Fiebrink
Human-Centred Machine Learning.,ACM,Atau Tanaka
Human-Centred Machine Learning.,ACM,Jérémie Garcia
Human-Centred Machine Learning.,ACM,Frédéric Bevilacqua
Human-Centred Machine Learning.,ACM,Alexis Héloir
Human-Centred Machine Learning.,ACM,Fabrizio Nunnari
Human-Centred Machine Learning.,ACM,Wendy E. Mackay
Human-Centred Machine Learning.,ACM,Saleema Amershi
Human-Centred Machine Learning.,ACM,Bongshin Lee
Human-Centred Machine Learning.,ACM,Nicolas D'Alessandro
Human-Centred Machine Learning.,ACM,Joëlle Tilmanne
Human-Centred Machine Learning.,ACM,Todd Kulesza
Human-Centred Machine Learning.,ACM,Baptiste Caramiaux
Using Interactive Machine Learning to Support Interface Development Through Workshops with Disabled People.,ACM,Simon Katan
Using Interactive Machine Learning to Support Interface Development Through Workshops with Disabled People.,ACM,Mick Grierson
Using Interactive Machine Learning to Support Interface Development Through Workshops with Disabled People.,ACM,Rebecca Fiebrink
Interacting with Predictions: Visual Inspection of Black-box Machine Learning Models.,ACM,Josua Krause
Interacting with Predictions: Visual Inspection of Black-box Machine Learning Models.,ACM,Adam Perer
Interacting with Predictions: Visual Inspection of Black-box Machine Learning Models.,ACM,Kenney Ng
Structured labeling for facilitating concept evolution in machine learning.,ACM,Todd Kulesza
Structured labeling for facilitating concept evolution in machine learning.,ACM,Saleema Amershi
Structured labeling for facilitating concept evolution in machine learning.,ACM,Rich Caruana
Structured labeling for facilitating concept evolution in machine learning.,ACM,Danyel Fisher
Structured labeling for facilitating concept evolution in machine learning.,ACM,Denis Xavier Charles
Computational creativity support: using algorithms and machine learning to help people be more creative.,ACM,Dan Morris
Computational creativity support: using algorithms and machine learning to help people be more creative.,ACM,Jimmy Secretan
Lowering the barrier to applying machine learning.,ACM,Kayur Patel
Investigating statistical machine learning as a tool for software development.,ACM,Kayur Patel
Investigating statistical machine learning as a tool for software development.,ACM,James Fogarty
Investigating statistical machine learning as a tool for software development.,ACM,James A. Landay
Investigating statistical machine learning as a tool for software development.,ACM,Beverly L. Harrison
Machine Learning of Personal Gesture Variation in Music Conducting.,ACM,Álvaro Sarasua
Machine Learning of Personal Gesture Variation in Music Conducting.,ACM,Baptiste Caramiaux
Machine Learning of Personal Gesture Variation in Music Conducting.,ACM,Atau Tanaka
Constructivist Design for Interactive Machine Learning.,ACM,Advait Sarkar
A platform for large-scale machine learning on web design.,ACM,Arvind Satyanarayan
A platform for large-scale machine learning on web design.,ACM,Maxine Lim
A platform for large-scale machine learning on web design.,ACM,Scott R. Klemmer
EnsembleMatrix: interactive visualization to support machine learning with multiple classifiers.,ACM,Justin Talbot
EnsembleMatrix: interactive visualization to support machine learning with multiple classifiers.,ACM,Bongshin Lee
EnsembleMatrix: interactive visualization to support machine learning with multiple classifiers.,ACM,Ashish Kapoor
EnsembleMatrix: interactive visualization to support machine learning with multiple classifiers.,ACM,Desney S. Tan
Mining officially unrecognized side effects of drugs by combining web search and machine learning.,ACM,Carlo Curino
Mining officially unrecognized side effects of drugs by combining web search and machine learning.,ACM,Yuanyuan Jia
Mining officially unrecognized side effects of drugs by combining web search and machine learning.,ACM,Bruce Lambert
Mining officially unrecognized side effects of drugs by combining web search and machine learning.,ACM,Patricia M. West
Mining officially unrecognized side effects of drugs by combining web search and machine learning.,ACM,Clement T. Yu
PredictionIO: a distributed machine learning server for practical software development.,ACM,Simon Chan
PredictionIO: a distributed machine learning server for practical software development.,ACM,Thomas Stone
PredictionIO: a distributed machine learning server for practical software development.,ACM,Kit Pang Szeto
PredictionIO: a distributed machine learning server for practical software development.,ACM,Ka Hou Chan
Evaluation of a Machine Learning Duplicate Detection Method for Bioinformatics Databases.,ACM,Qingyu Chen
Evaluation of a Machine Learning Duplicate Detection Method for Bioinformatics Databases.,ACM,Justin Zobel
Evaluation of a Machine Learning Duplicate Detection Method for Bioinformatics Databases.,ACM,Karin M. Verspoor
Usability in machine learning at scale with graphlab.,ACM,Carlos Guestrin
Ease the Process of Machine Learning with Dataflow.,ACM,Tianyou Guo
Ease the Process of Machine Learning with Dataflow.,ACM,Jun Xu
Ease the Process of Machine Learning with Dataflow.,ACM,Xiaohui Yan
Ease the Process of Machine Learning with Dataflow.,ACM,Jianpeng Hou
Ease the Process of Machine Learning with Dataflow.,ACM,Ping Li
Ease the Process of Machine Learning with Dataflow.,ACM,Zhaohui Li
Ease the Process of Machine Learning with Dataflow.,ACM,Jiafeng Guo
Ease the Process of Machine Learning with Dataflow.,ACM,Xueqi Cheng
Coupling feature selection and machine learning methods for navigational query identification.,ACM,Yumao Lu
Coupling feature selection and machine learning methods for navigational query identification.,ACM,Fuchun Peng
Coupling feature selection and machine learning methods for navigational query identification.,ACM,Xin Li
Coupling feature selection and machine learning methods for navigational query identification.,ACM,Nawaaz Ahmed
Using Machine Learning to Improve the Email Experience.,ACM,Marc Najork
Information retrieval and machine learning for probabilistic schema matching.,ACM,Henrik Nottelmann
Information retrieval and machine learning for probabilistic schema matching.,ACM,Umberto Straccia
Combining machine learning and human judgment in author disambiguation.,ACM,Ya-nan Qian
Combining machine learning and human judgment in author disambiguation.,ACM,Yunhua Hu
Combining machine learning and human judgment in author disambiguation.,ACM,Jianling Cui
Combining machine learning and human judgment in author disambiguation.,ACM,Qinghua Zheng
Combining machine learning and human judgment in author disambiguation.,ACM,Zaiqing Nie
A machine learning approach for improved BM25 retrieval.,ACM,Krysta Marie Svore
A machine learning approach for improved BM25 retrieval.,ACM,Christopher J. C. Burges
Tutorial: Machine Learning Methods in Natural Language Processing.,Springer,Michael Collins
Recognizing Facial Expression: Machine Learning and Application to Spontaneous Behavior.,IEEE Computer Society,Marian Stewart Bartlett
Recognizing Facial Expression: Machine Learning and Application to Spontaneous Behavior.,IEEE Computer Society,Gwen Littlewort
Recognizing Facial Expression: Machine Learning and Application to Spontaneous Behavior.,IEEE Computer Society,Mark G. Frank
Recognizing Facial Expression: Machine Learning and Application to Spontaneous Behavior.,IEEE Computer Society,Claudia Lainscsek
Recognizing Facial Expression: Machine Learning and Application to Spontaneous Behavior.,IEEE Computer Society,Ian R. Fasel
Recognizing Facial Expression: Machine Learning and Application to Spontaneous Behavior.,IEEE Computer Society,Javier R. Movellan
Detecting Cognitive States from fMRI Images by Machine Learning and Multivariate Classification.,IEEE Computer Society,Yong Fan
Detecting Cognitive States from fMRI Images by Machine Learning and Multivariate Classification.,IEEE Computer Society,Dinggang Shen
Detecting Cognitive States from fMRI Images by Machine Learning and Multivariate Classification.,IEEE Computer Society,Christos Davatzikos
Learning to look up: Realtime monocular gaze correction using machine learning.,IEEE Computer Society,Daniil Kononenko
Learning to look up: Realtime monocular gaze correction using machine learning.,IEEE Computer Society,Victor S. Lempitsky
A machine learning approach for material detection in hyperspectral images.,IEEE Computer Society,Raphaël Marée
A machine learning approach for material detection in hyperspectral images.,IEEE Computer Society,Benjamin Stevens
A machine learning approach for material detection in hyperspectral images.,IEEE Computer Society,Pierre Geurts
A machine learning approach for material detection in hyperspectral images.,IEEE Computer Society,Y. Guern
A machine learning approach for material detection in hyperspectral images.,IEEE Computer Society,P. Mack
A stable multi-scale kernel for topological machine learning.,IEEE Computer Society,Jan Reininghaus
A stable multi-scale kernel for topological machine learning.,IEEE Computer Society,Stefan Huber 0001
A stable multi-scale kernel for topological machine learning.,IEEE Computer Society,Ulrich Bauer
A stable multi-scale kernel for topological machine learning.,IEEE Computer Society,Roland Kwitt
A Machine Learning Approach for Non-blind Image Deconvolution.,IEEE Computer Society,Christian J. Schuler
A Machine Learning Approach for Non-blind Image Deconvolution.,IEEE Computer Society,Harold Christopher Burger
A Machine Learning Approach for Non-blind Image Deconvolution.,IEEE Computer Society,Stefan Harmeling
A Machine Learning Approach for Non-blind Image Deconvolution.,IEEE Computer Society,Bernhard Schölkopf
One-class Machine Learning for Brain Activation Detection.,IEEE Computer Society,Xiaomu Song
One-class Machine Learning for Brain Activation Detection.,IEEE Computer Society,George Iordanescu
One-class Machine Learning for Brain Activation Detection.,IEEE Computer Society,Alice M. Wyrwicz
Face model fitting based on machine learning from multi-band images of facial components.,IEEE Computer Society,Matthias Wimmer
Face model fitting based on machine learning from multi-band images of facial components.,IEEE Computer Society,Christoph Mayer 0001
Face model fitting based on machine learning from multi-band images of facial components.,IEEE Computer Society,Freek Stulp
Face model fitting based on machine learning from multi-band images of facial components.,IEEE Computer Society,Bernd Radig
Meta-Evaluation of Image Segmentation Using Machine Learning.,IEEE Computer Society,Hui Zhang 0010
Meta-Evaluation of Image Segmentation Using Machine Learning.,IEEE Computer Society,Sharath R. Cholleti
Meta-Evaluation of Image Segmentation Using Machine Learning.,IEEE Computer Society,Sally A. Goldman
Meta-Evaluation of Image Segmentation Using Machine Learning.,IEEE Computer Society,Jason E. Fritts
Machine Learning for Clinical Diagnosis from Functional Magnetic Resonance Imaging.,IEEE Computer Society,Lei Zhang 0002
Machine Learning for Clinical Diagnosis from Functional Magnetic Resonance Imaging.,IEEE Computer Society,Dimitris Samaras
Machine Learning for Clinical Diagnosis from Functional Magnetic Resonance Imaging.,IEEE Computer Society,Dardo Tomasi
Machine Learning for Clinical Diagnosis from Functional Magnetic Resonance Imaging.,IEEE Computer Society,Nora D. Volkow
Machine Learning for Clinical Diagnosis from Functional Magnetic Resonance Imaging.,IEEE Computer Society,Rita Z. Goldstein
Using Machine Learning to Support Resource Quality Assessment: An Adaptive Attribute-Based Approach for Health Information Portals.,Springer,Jue Xie
Using Machine Learning to Support Resource Quality Assessment: An Adaptive Attribute-Based Approach for Health Information Portals.,Springer,Frada Burstein
Mechanism Design via Machine Learning.,IEEE Computer Society,Maria-Florina Balcan
Mechanism Design via Machine Learning.,IEEE Computer Society,Avrim Blum
Mechanism Design via Machine Learning.,IEEE Computer Society,Jason D. Hartline
Mechanism Design via Machine Learning.,IEEE Computer Society,Yishay Mansour
"Machine Learning: My Favorite Results, Directions, and Open Problems.",IEEE Computer Society,Avrim Blum
Sublinear Optimization for Machine Learning.,IEEE Computer Society,Kenneth L. Clarkson
Sublinear Optimization for Machine Learning.,IEEE Computer Society,Elad Hazan
Sublinear Optimization for Machine Learning.,IEEE Computer Society,David P. Woodruff
Colour Refinement: A Simple Partitioning Algorithm with Applications From Graph Isomorphism Testing to Machine Learning (Invited Talk).,Schloss Dagstuhl - Leibniz-Zentrum fuer Informatik,Martin Grohe
Machine Learning and Multiscale Methods in the Identification of Bivalve Larvae.,IEEE Computer Society,Sanjay Tiwari
Machine Learning and Multiscale Methods in the Identification of Bivalve Larvae.,IEEE Computer Society,Scott Gallager
Machine learning on Big Data.,IEEE Computer Society,Tyson Condie
Machine learning on Big Data.,IEEE Computer Society,Paul Mineiro
Machine learning on Big Data.,IEEE Computer Society,Neoklis Polyzotis
Machine learning on Big Data.,IEEE Computer Society,Markus Weimer
Predicting Multiple Metrics for Queries: Better Decisions Enabled by Machine Learning.,IEEE Computer Society,Archana Ganapathi
Predicting Multiple Metrics for Queries: Better Decisions Enabled by Machine Learning.,IEEE Computer Society,Harumi A. Kuno
Predicting Multiple Metrics for Queries: Better Decisions Enabled by Machine Learning.,IEEE Computer Society,Umeshwar Dayal
Predicting Multiple Metrics for Queries: Better Decisions Enabled by Machine Learning.,IEEE Computer Society,Janet L. Wiener
Predicting Multiple Metrics for Queries: Better Decisions Enabled by Machine Learning.,IEEE Computer Society,Armando Fox
Predicting Multiple Metrics for Queries: Better Decisions Enabled by Machine Learning.,IEEE Computer Society,Michael I. Jordan
Predicting Multiple Metrics for Queries: Better Decisions Enabled by Machine Learning.,IEEE Computer Society,David A. Patterson
SystemML: Declarative machine learning on MapReduce.,IEEE Computer Society,Amol Ghoting
SystemML: Declarative machine learning on MapReduce.,IEEE Computer Society,Rajasekar Krishnamurthy
SystemML: Declarative machine learning on MapReduce.,IEEE Computer Society,Edwin P. D. Pednault
SystemML: Declarative machine learning on MapReduce.,IEEE Computer Society,Berthold Reinwald
SystemML: Declarative machine learning on MapReduce.,IEEE Computer Society,Vikas Sindhwani
SystemML: Declarative machine learning on MapReduce.,IEEE Computer Society,Shirish Tatikonda
SystemML: Declarative machine learning on MapReduce.,IEEE Computer Society,Yuanyuan Tian
SystemML: Declarative machine learning on MapReduce.,IEEE Computer Society,Shivakumar Vaithyanathan
Workload management for cloud databases via machine learning.,IEEE Computer Society,Ryan Marcus
Workload management for cloud databases via machine learning.,IEEE Computer Society,Olga Papaemmanouil
A Machine Learning Approach to Rapid Development of XML Mapping Queries.,IEEE Computer Society,Atsuyuki Morishima
A Machine Learning Approach to Rapid Development of XML Mapping Queries.,IEEE Computer Society,Hiroyuki Kitagawa
A Machine Learning Approach to Rapid Development of XML Mapping Queries.,IEEE Computer Society,Akira Matsumoto
Recommending environmental knowledge as linked open data cloud using semantic machine learning.,IEEE Computer Society,Ahsan Morshed
Recommending environmental knowledge as linked open data cloud using semantic machine learning.,IEEE Computer Society,Ritaban Dutta
Recommending environmental knowledge as linked open data cloud using semantic machine learning.,IEEE Computer Society,Jagannath Aryal
The Role of Machine Learning in Business Optimization.,Omnipress,Chid Apté
Tutorial summary: Machine learning in IR: recent successes and new opportunities.,ACM,Paul N. Bennett
Tutorial summary: Machine learning in IR: recent successes and new opportunities.,ACM,Misha Bilenko
Tutorial summary: Machine learning in IR: recent successes and new opportunities.,ACM,Kevyn Collins-Thompson
Tutorial summary: Reductions in machine learning.,ACM,Alina Beygelzimer
Tutorial summary: Reductions in machine learning.,ACM,John Langford
Tutorial summary: Reductions in machine learning.,ACM,Bianca Zadrozny
The Ladder: A Reliable Leaderboard for Machine Learning Competitions.,JMLR.org,Avrim Blum
The Ladder: A Reliable Leaderboard for Machine Learning Competitions.,JMLR.org,Moritz Hardt
Proceedings of the 4th Workshop on Machine Learning for Interactive Systems (MLIS-2015).,JMLR.org,Heriberto Cuayáhuitl
Proceedings of the 4th Workshop on Machine Learning for Interactive Systems (MLIS-2015).,JMLR.org,Nina Dethlefs
Proceedings of the 4th Workshop on Machine Learning for Interactive Systems (MLIS-2015).,JMLR.org,Lutz Frommberger
Proceedings of the 4th Workshop on Machine Learning for Interactive Systems (MLIS-2015).,JMLR.org,Martijn van Otterlo
Proceedings of the 4th Workshop on Machine Learning for Interactive Systems (MLIS-2015).,JMLR.org,Olivier Pietquin
A General Method for Scaling Up Machine Learning Algorithms and its Application to Clustering.,Morgan Kaufmann,Pedro M. Domingos
A General Method for Scaling Up Machine Learning Algorithms and its Application to Clustering.,Morgan Kaufmann,Geoff Hulten
Workshop summary: The fourth workshop on evaluation methods for machine learning.,ACM,Chris Drummond
Workshop summary: The fourth workshop on evaluation methods for machine learning.,ACM,Nathalie Japkowicz
Workshop summary: The fourth workshop on evaluation methods for machine learning.,ACM,William Klement
Workshop summary: The fourth workshop on evaluation methods for machine learning.,ACM,Sofus A. Macskassy
The Geometry of ROC Space: Understanding Machine Learning Metrics through ROC Isometrics.,AAAI Press,Peter A. Flach
Revisiting the Nystrom method for improved large-scale machine learning.,JMLR.org,Alex Gittens
Revisiting the Nystrom method for improved large-scale machine learning.,JMLR.org,Michael W. Mahoney
Correlation-based Feature Selection for Discrete and Numeric Class Machine Learning.,Morgan Kaufmann,Mark A. Hall
Multi-period Trading Prediction Markets with Connections to Machine Learning.,JMLR.org,Jinli Hu
Multi-period Trading Prediction Markets with Connections to Machine Learning.,JMLR.org,Amos J. Storkey
Evaluating machine learning for information extraction.,ACM,Neil Ireson
Evaluating machine learning for information extraction.,ACM,Fabio Ciravegna
Evaluating machine learning for information extraction.,ACM,Mary Elaine Califf
Evaluating machine learning for information extraction.,ACM,Dayne Freitag
Evaluating machine learning for information extraction.,ACM,Nicholas Kushmerick
Evaluating machine learning for information extraction.,ACM,Alberto Lavelli
A Dynamic Adaptation of AD-trees for Efficient Machine Learning on Large Data Sets.,Morgan Kaufmann,Paul Komarek
A Dynamic Adaptation of AD-trees for Efficient Machine Learning on Large Data Sets.,Morgan Kaufmann,Andrew W. Moore 0001
Crafting Papers on Machine Learning.,Morgan Kaufmann,Pat Langley
Stratified Sampling Meets Machine Learning.,JMLR.org,Edo Liberty
Stratified Sampling Meets Machine Learning.,JMLR.org,Kevin Lang
Stratified Sampling Meets Machine Learning.,JMLR.org,Konstantin Shmakov
A Brief Survey of Machine Learning Methods for Classification in Networked Data and an Application to Suspicion Scoring.,Springer,Sofus Attila Macskassy
A Brief Survey of Machine Learning Methods for Classification in Networked Data and an Application to Suspicion Scoring.,Springer,Foster J. Provost
A Machine Learning Framework for Programming by Example.,JMLR.org,Aditya Krishna Menon
A Machine Learning Framework for Programming by Example.,JMLR.org,Omer Tamuz
A Machine Learning Framework for Programming by Example.,JMLR.org,Sumit Gulwani
A Machine Learning Framework for Programming by Example.,JMLR.org,Butler W. Lampson
A Machine Learning Framework for Programming by Example.,JMLR.org,Adam Kalai
Machine Learning for Subproblem Selection.,Morgan Kaufmann,Robert Moll
Machine Learning for Subproblem Selection.,Morgan Kaufmann,Theodore J. Perkins
Machine Learning for Subproblem Selection.,Morgan Kaufmann,Andrew G. Barto
Machine Learning with Hyperkernels.,AAAI Press,Cheng Soon Ong
Machine Learning with Hyperkernels.,AAAI Press,Alexander J. Smola
Music Plus One and Machine Learning.,Omnipress,Christopher Raphael
Object correspondence as a machine learning problem.,ACM,Bernhard Schölkopf
Object correspondence as a machine learning problem.,ACM,Florian Steinke
Object correspondence as a machine learning problem.,ACM,Volker Blanz
Workshop summary: Numerical mathematics in machine learning.,ACM,Matthias W. Seeger
Workshop summary: Numerical mathematics in machine learning.,ACM,Suvrit Sra
Workshop summary: Numerical mathematics in machine learning.,ACM,John P. Cunningham
Application of Machine Learning To Epileptic Seizure Detection.,Omnipress,Ali H. Shoeb
Application of Machine Learning To Epileptic Seizure Detection.,Omnipress,John V. Guttag
Sparse Greedy Matrix Approximation for Machine Learning.,Morgan Kaufmann,Alexander J. Smola
Sparse Greedy Matrix Approximation for Machine Learning.,Morgan Kaufmann,Bernhard Schölkopf
Isoelastic Agents and Wealth Updates in Machine Learning Markets.,icml.cc / Omnipress,Amos J. Storkey
Isoelastic Agents and Wealth Updates in Machine Learning Markets.,icml.cc / Omnipress,Jono Millin
Isoelastic Agents and Wealth Updates in Machine Learning Markets.,icml.cc / Omnipress,Krzysztof Geras
OptiML: An Implicitly Parallel Domain-Specific Language for Machine Learning.,Omnipress,Arvind K. Sujeeth
OptiML: An Implicitly Parallel Domain-Specific Language for Machine Learning.,Omnipress,HyoukJoong Lee
OptiML: An Implicitly Parallel Domain-Specific Language for Machine Learning.,Omnipress,Kevin J. Brown
OptiML: An Implicitly Parallel Domain-Specific Language for Machine Learning.,Omnipress,Tiark Rompf
OptiML: An Implicitly Parallel Domain-Specific Language for Machine Learning.,Omnipress,Hassan Chafi
OptiML: An Implicitly Parallel Domain-Specific Language for Machine Learning.,Omnipress,Michael Wu
OptiML: An Implicitly Parallel Domain-Specific Language for Machine Learning.,Omnipress,Anand R. Atreya
OptiML: An Implicitly Parallel Domain-Specific Language for Machine Learning.,Omnipress,Martin Odersky
OptiML: An Implicitly Parallel Domain-Specific Language for Machine Learning.,Omnipress,Kunle Olukotun
A least squares formulation for a class of generalized eigenvalue problems in machine learning.,ACM,Liang Sun
A least squares formulation for a class of generalized eigenvalue problems in machine learning.,ACM,Shuiwang Ji
A least squares formulation for a class of generalized eigenvalue problems in machine learning.,ACM,Jieping Ye
Support vector machine learning for interdependent and structured output spaces.,ACM,Ioannis Tsochantaridis
Support vector machine learning for interdependent and structured output spaces.,ACM,Thomas Hofmann
Support vector machine learning for interdependent and structured output spaces.,ACM,Thorsten Joachims
Support vector machine learning for interdependent and structured output spaces.,ACM,Yasemin Altun
Machine Learning that Matters.,icml.cc / Omnipress,Kiri Wagstaff
Extracting conceptual interoperability constraints from API documentation using machine learning.,ACM,Hadil Abukwaik
Extracting conceptual interoperability constraints from API documentation using machine learning.,ACM,Mohammed Abujayyab
Extracting conceptual interoperability constraints from API documentation using machine learning.,ACM,Shah Rukh Humayoun
Extracting conceptual interoperability constraints from API documentation using machine learning.,ACM,H. Dieter Rombach
Finding Latent Code Errors via Machine Learning over Program Executions.,IEEE Computer Society,Yuriy Brun
Finding Latent Code Errors via Machine Learning over Program Executions.,IEEE Computer Society,Michael D. Ernst
Using machine learning to enhance automated requirements model transformation.,IEEE Computer Society,Erol-Valeriu Chioasca
A machine learning approach for tracing regulatory codes to product specific requirements.,ACM,Jane Cleland-Huang
A machine learning approach for tracing regulatory codes to product specific requirements.,ACM,Adam Czauderna
A machine learning approach for tracing regulatory codes to product specific requirements.,ACM,Marek Gibiec
A machine learning approach for tracing regulatory codes to product specific requirements.,ACM,John Emenecker
Machine learning and software engineering in health informatics.,IEEE,David A. Clifton
Machine learning and software engineering in health informatics.,IEEE,Jeremy Gibbons
Machine learning and software engineering in health informatics.,IEEE,Jim Davies
Machine learning and software engineering in health informatics.,IEEE,Lionel Tarassenko
Addressing software dependability with statistical and machine learning techniques.,ACM,Armando Fox
Increasing anomaly handling efficiency in large organizations using applied machine learning.,IEEE Computer Society,Leif Jonsson
Poster: Software Development Risk Management: Using Machine Learning for Generating Risk Prompts.,IEEE Computer Society,Harry Raymond Joseph
Detecting memory leaks through introspective dynamic behavior modelling using machine learning.,ACM,Sangho Lee
Detecting memory leaks through introspective dynamic behavior modelling using machine learning.,ACM,Changhee Jung
Detecting memory leaks through introspective dynamic behavior modelling using machine learning.,ACM,Santosh Pande
GUI reverse engineering with machine learning.,IEEE,Ines Coimbra Morgado
GUI reverse engineering with machine learning.,IEEE,Ana C. R. Paiva
GUI reverse engineering with machine learning.,IEEE,João Pascoal Faria
GUI reverse engineering with machine learning.,IEEE,Rui Camacho
Software reliability via machine learning (invited talk).,ACM,Aditya V. Nori
Machine learning for constituency test of coordinating conjunctions in requirements specifications.,ACM,Richa Sharma
Machine learning for constituency test of coordinating conjunctions in requirements specifications.,ACM,Jaspreet Bhatia
Machine learning for constituency test of coordinating conjunctions in requirements specifications.,ACM,K. K. Biswas
Trace-by-classification: A machine learning approach to generate trace links for frequently occurring software artifacts.,IEEE Computer Society,Mateusz Wieloch
Trace-by-classification: A machine learning approach to generate trace links for frequently occurring software artifacts.,IEEE Computer Society,Sorawit Amornborvornwong
Trace-by-classification: A machine learning approach to generate trace links for frequently occurring software artifacts.,IEEE Computer Society,Jane Cleland-Huang
Design Pattern Mining Enhanced by Machine Learning.,IEEE Computer Society,Rudolf Ferenc
Design Pattern Mining Enhanced by Machine Learning.,IEEE Computer Society,Árpád Beszédes
Design Pattern Mining Enhanced by Machine Learning.,IEEE Computer Society,Lajos Jeno Fülöp
Design Pattern Mining Enhanced by Machine Learning.,IEEE Computer Society,Janos Lele
Code Smell Detection: Towards a Machine Learning-Based Approach.,IEEE Computer Society,Francesca Arcelli Fontana
Code Smell Detection: Towards a Machine Learning-Based Approach.,IEEE Computer Society,Marco Zanoni
Code Smell Detection: Towards a Machine Learning-Based Approach.,IEEE Computer Society,Alessandro Marino
Code Smell Detection: Towards a Machine Learning-Based Approach.,IEEE Computer Society,Mika Mäntylä
An Analysis of Machine Learning Algorithms for Condensing Reverse Engineered Class Diagrams.,IEEE Computer Society,Mohd Hafeez Osman
An Analysis of Machine Learning Algorithms for Condensing Reverse Engineered Class Diagrams.,IEEE Computer Society,Michel R. V. Chaudron
An Analysis of Machine Learning Algorithms for Condensing Reverse Engineered Class Diagrams.,IEEE Computer Society,Peter van der Putten
Browserbite: Accurate Cross-Browser Testing via Machine Learning over Image Features.,IEEE Computer Society,Nataliia Semenenko
Browserbite: Accurate Cross-Browser Testing via Machine Learning over Image Features.,IEEE Computer Society,Marlon Dumas
Browserbite: Accurate Cross-Browser Testing via Machine Learning over Image Features.,IEEE Computer Society,Tonis Saar
Improving Statistical Approach for Memory Leak Detection Using Machine Learning.,IEEE Computer Society,Vladimir Sor
Improving Statistical Approach for Memory Leak Detection Using Machine Learning.,IEEE Computer Society,Plumbr Ou
Improving Statistical Approach for Memory Leak Detection Using Machine Learning.,IEEE Computer Society,Tarvo Treier
Improving Statistical Approach for Memory Leak Detection Using Machine Learning.,IEEE Computer Society,Satish Narayana Srirama
Decision-Theoretic Approximations for Machine Learning.,IJCAI/AAAI,Ehsan Abbasnejad
Improving the Efficiency of Dynamic Programming on Tree Decompositions via Machine Learning.,AAAI Press,Michael Abseher
Improving the Efficiency of Dynamic Programming on Tree Decompositions via Machine Learning.,AAAI Press,Frederico Dusberger
Improving the Efficiency of Dynamic Programming on Tree Decompositions via Machine Learning.,AAAI Press,Nysret Musliu
Improving the Efficiency of Dynamic Programming on Tree Decompositions via Machine Learning.,AAAI Press,Stefan Woltran
Human-Guided Machine Learning for Fast and Accurate Network Alarm Triage.,IJCAI/AAAI,Saleema Amershi
Human-Guided Machine Learning for Fast and Accurate Network Alarm Triage.,IJCAI/AAAI,Bongshin Lee
Human-Guided Machine Learning for Fast and Accurate Network Alarm Triage.,IJCAI/AAAI,Ashish Kapoor
Human-Guided Machine Learning for Fast and Accurate Network Alarm Triage.,IJCAI/AAAI,Ratul Mahajan
Human-Guided Machine Learning for Fast and Accurate Network Alarm Triage.,IJCAI/AAAI,Blaine Christian
A Machine Learning Approach for Statistical Software Testing.,UNKNOWN,Nicolas Baskiotis
A Machine Learning Approach for Statistical Software Testing.,UNKNOWN,Michèle Sebag
A Machine Learning Approach for Statistical Software Testing.,UNKNOWN,Marie-Claude Gaudel
A Machine Learning Approach for Statistical Software Testing.,UNKNOWN,Sandrine-Dominique Gouraud
Machine learning for interactive systems and robots: a brief introduction.,ACM,Heriberto Cuayáhuitl
Machine learning for interactive systems and robots: a brief introduction.,ACM,Martijn van Otterlo
Machine learning for interactive systems and robots: a brief introduction.,ACM,Nina Dethlefs
Machine learning for interactive systems and robots: a brief introduction.,ACM,Lutz Frommberger
Machine Learning in Ecosystem Informatics and Sustainability.,UNKNOWN,Thomas G. Dietterich
Combining Machine Learning and Optimization Techniques to Determine 3-D Structures of Polypeptides.,IJCAI/AAAI,Márcio Dorn
Combining Machine Learning and Optimization Techniques to Determine 3-D Structures of Polypeptides.,IJCAI/AAAI,Luciana S. Buriol
Combining Machine Learning and Optimization Techniques to Determine 3-D Structures of Polypeptides.,IJCAI/AAAI,Luís C. Lamb
A Distributed and Scalable Machine Learning Approach for Big Data.,IJCAI/AAAI Press,Hongliang Guo
A Distributed and Scalable Machine Learning Approach for Big Data.,IJCAI/AAAI Press,Jie Zhang
fMRI Analysis via One-class Machine Learning Techniques.,Professional Book Center,David R. Hardoon
fMRI Analysis via One-class Machine Learning Techniques.,Professional Book Center,Larry M. Manevitz
A Game-Theoretic Machine Learning Approach for Revenue Maximization in Sponsored Search.,IJCAI/AAAI,Di He
A Game-Theoretic Machine Learning Approach for Revenue Maximization in Sponsored Search.,IJCAI/AAAI,Wei Chen
A Game-Theoretic Machine Learning Approach for Revenue Maximization in Sponsored Search.,IJCAI/AAAI,Liwei Wang
A Game-Theoretic Machine Learning Approach for Revenue Maximization in Sponsored Search.,IJCAI/AAAI,Tie-Yan Liu
Constructing New and Better Evaluation Measures for Machine Learning.,UNKNOWN,Jin Huang
Constructing New and Better Evaluation Measures for Machine Learning.,UNKNOWN,Charles X. Ling
Machine Learning for Integer Programming.,IJCAI/AAAI Press,Elias B. Khalil
Automated Mechanism Design without Money via Machine Learning.,IJCAI/AAAI Press,Harikrishna Narasimhan
Automated Mechanism Design without Money via Machine Learning.,IJCAI/AAAI Press,Shivani Agarwal 0001
Automated Mechanism Design without Money via Machine Learning.,IJCAI/AAAI Press,David C. Parkes
A Machine Learning Approach to Identification and Resolution of One-Anaphora.,Professional Book Center,Hwee Tou Ng
A Machine Learning Approach to Identification and Resolution of One-Anaphora.,Professional Book Center,Yu Zhou
A Machine Learning Approach to Identification and Resolution of One-Anaphora.,Professional Book Center,Robert Dale
A Machine Learning Approach to Identification and Resolution of One-Anaphora.,Professional Book Center,Mary Gardiner
Detection of Cognitive States from fMRI Data Using Machine Learning Techniques.,UNKNOWN,Vishwajeet Singh
Detection of Cognitive States from fMRI Data Using Machine Learning Techniques.,UNKNOWN,Krishna P. Miyapuram
Detection of Cognitive States from fMRI Data Using Machine Learning Techniques.,UNKNOWN,Raju S. Bapi
Machine Learning for On-Line Hardware Reconfiguration.,UNKNOWN,Jonathan Wildstrom
Machine Learning for On-Line Hardware Reconfiguration.,UNKNOWN,Peter Stone
Machine Learning for On-Line Hardware Reconfiguration.,UNKNOWN,Emmett Witchel
Machine Learning for On-Line Hardware Reconfiguration.,UNKNOWN,Michael Dahlin
Concept Sampling: Towards Systematic Selection in Large-Scale Mixed Concepts in Machine Learning.,UNKNOWN,Yi Zhang 0010
Concept Sampling: Towards Systematic Selection in Large-Scale Mixed Concepts in Machine Learning.,UNKNOWN,Xiaoming Jin
Incorporating Expert Judgement into Bayesian Network Machine Learning.,IJCAI/AAAI,Yun Zhou
Incorporating Expert Judgement into Bayesian Network Machine Learning.,IJCAI/AAAI,Norman E. Fenton
Incorporating Expert Judgement into Bayesian Network Machine Learning.,IJCAI/AAAI,Martin Neil
Incorporating Expert Judgement into Bayesian Network Machine Learning.,IJCAI/AAAI,Cheng Zhu
Separating wheat from chaff: Winnowing unintended prefixes using machine learning.,IEEE,Andra Lutu
Separating wheat from chaff: Winnowing unintended prefixes using machine learning.,IEEE,Marcelo Bagnulo
Separating wheat from chaff: Winnowing unintended prefixes using machine learning.,IEEE,Jesús Cid-Sueiro
Separating wheat from chaff: Winnowing unintended prefixes using machine learning.,IEEE,Olaf Maennel
A machine learning approach to edge type inference in Internet AS graphs.,IEEE,Jinu Susan Varghese
A machine learning approach to edge type inference in Internet AS graphs.,IEEE,Lu Ruan
Automatic software architecture recovery: A machine learning approach.,IEEE Computer Society,Hitesh Sajnani
Software process evaluation: A machine learning approach.,IEEE Computer Society,Ning Chen
Software process evaluation: A machine learning approach.,IEEE Computer Society,Steven C. H. Hoi
Software process evaluation: A machine learning approach.,IEEE Computer Society,Xiaokui Xiao
Symbolic execution of complex program driven by machine learning based constraint solving.,ACM,Xin Li
Symbolic execution of complex program driven by machine learning based constraint solving.,ACM,Yongjuan Liang
Symbolic execution of complex program driven by machine learning based constraint solving.,ACM,Hong Qian
Symbolic execution of complex program driven by machine learning based constraint solving.,ACM,Yi-Qi Hu
Symbolic execution of complex program driven by machine learning based constraint solving.,ACM,Lei Bu
Symbolic execution of complex program driven by machine learning based constraint solving.,ACM,Yang Yu
Symbolic execution of complex program driven by machine learning based constraint solving.,ACM,Xin Chen
Symbolic execution of complex program driven by machine learning based constraint solving.,ACM,Xuandong Li
Scaling Machine Learning and Statistics for Web Applications.,ACM,Deepak Agarwal
Machine Learning and Causal Inference for Policy Evaluation.,ACM,Susan Athey
Apolo: interactive large graph sensemaking by combining machine learning and visualization.,ACM,Duen Horng Chau
Apolo: interactive large graph sensemaking by combining machine learning and visualization.,ACM,Aniket Kittur
Apolo: interactive large graph sensemaking by combining machine learning and visualization.,ACM,Jason I. Hong
Apolo: interactive large graph sensemaking by combining machine learning and visualization.,ACM,Christos Faloutsos
Graphons and Machine Learning: Modeling and Estimation of Sparse Massive Networks.,ACM,Jennifer T. Chayes
Lifelong Machine Learning and Computer Reading the Web.,ACM,Zhiyuan Chen
Lifelong Machine Learning and Computer Reading the Web.,ACM,Estevam R. Hruschka Jr.
Lifelong Machine Learning and Computer Reading the Web.,ACM,Bing Liu 0001
How Machine Learning has Finally Solved Wanamaker's Dilemma.,ACM,Oliver Downs
Predicting the Political Sentiment of Web Log Posts Using Supervised Machine Learning Techniques Coupled with Feature Selection.,Springer,Kathleen T. Durant
Predicting the Political Sentiment of Web Log Posts Using Supervised Machine Learning Techniques Coupled with Feature Selection.,Springer,Michael D. Smith 0001
"Data, Knowledge and Discovery: Machine Learning meets Natural Science.",ACM,Hugh Durrant-Whyte
Incremental Machine Learning to Reduce Biochemistry Lab Costs in the Search for Drug Discovery.,UNKNOWN,George Forman
Experiments with random projections for machine learning.,ACM,Dmitriy Fradkin
Experiments with random projections for machine learning.,ACM,David Madigan
NIMBLE: a toolkit for the implementation of parallel data mining and machine learning algorithms on mapreduce.,ACM,Amol Ghoting
NIMBLE: a toolkit for the implementation of parallel data mining and machine learning algorithms on mapreduce.,ACM,Prabhanjan Kambadur
NIMBLE: a toolkit for the implementation of parallel data mining and machine learning algorithms on mapreduce.,ACM,Edwin P. D. Pednault
NIMBLE: a toolkit for the implementation of parallel data mining and machine learning algorithms on mapreduce.,ACM,Ramakrishnan Kannan
"Diffusion in Social and Information Networks: Research Problems, Probabilistic Models and Machine Learning Methods.",ACM,Manuel Gomez-Rodriguez
"Diffusion in Social and Information Networks: Research Problems, Probabilistic Models and Machine Learning Methods.",ACM,Le Song
Analyzing Volleyball Match Data from the 2014 World Championships Using Machine Learning Techniques.,ACM,Jan Van Haaren
Analyzing Volleyball Match Data from the 2014 World Championships Using Machine Learning Techniques.,ACM,Horesh Ben Shitrit
Analyzing Volleyball Match Data from the 2014 World Championships Using Machine Learning Techniques.,ACM,Jesse Davis
Analyzing Volleyball Match Data from the 2014 World Championships Using Machine Learning Techniques.,ACM,Pascal Fua
OpinionMiner: a novel machine learning system for web opinion mining and extraction.,ACM,Wei Jin
OpinionMiner: a novel machine learning system for web opinion mining and extraction.,ACM,Hung Hay Ho
OpinionMiner: a novel machine learning system for web opinion mining and extraction.,ACM,Rohini K. Srihari
An integrated machine learning approach to stroke prediction.,ACM,Aditya Khosla
An integrated machine learning approach to stroke prediction.,ACM,Yu Cao
An integrated machine learning approach to stroke prediction.,ACM,Cliff Chiung-Yu Lin
An integrated machine learning approach to stroke prediction.,ACM,Hsu-Kuang Chiu
An integrated machine learning approach to stroke prediction.,ACM,Junling Hu
An integrated machine learning approach to stroke prediction.,ACM,Honglak Lee
A Machine Learning Framework to Identify Students at Risk of Adverse Academic Outcomes.,ACM,Himabindu Lakkaraju
A Machine Learning Framework to Identify Students at Risk of Adverse Academic Outcomes.,ACM,Everaldo Aguiar
A Machine Learning Framework to Identify Students at Risk of Adverse Academic Outcomes.,ACM,Carl Shan
A Machine Learning Framework to Identify Students at Risk of Adverse Academic Outcomes.,ACM,David Miller
A Machine Learning Framework to Identify Students at Risk of Adverse Academic Outcomes.,ACM,Nasir Bhanpuri
A Machine Learning Framework to Identify Students at Risk of Adverse Academic Outcomes.,ACM,Rayid Ghani
A Machine Learning Framework to Identify Students at Risk of Adverse Academic Outcomes.,ACM,Kecia L. Addison
Experiences and lessons in developing industry-strength machine learning and data mining software.,ACM,Chih-Jen Lin
Subscriber classification within telecom networks utilizing big data technologies and machine learning.,ACM,Jonathan Magnusson
Subscriber classification within telecom networks utilizing big data technologies and machine learning.,ACM,Tor Kvernvik
The Wisdom of Crowds: Best Practices for Data Prep & Machine Learning Derived from Millions of Data Science Workflows.,ACM,Ingo Mierswa
Bugbears or legitimate threats?: (social) scientists' criticisms of machine learning?,ACM,Sendhil Mullainathan
Machine learning for online query relaxation.,ACM,Ion Muslea
Unexpected challenges in large scale machine learning.,ACM,Charles Parker
Proof Protocol for a Machine Learning Technique Making Longitudinal Predictions in Dynamic Contexts.,ACM,Kevin B. Pratt
"LungCAD: a clinically approved, machine learning system for lung cancer detection.",ACM,R. Bharat Rao
"LungCAD: a clinically approved, machine learning system for lung cancer detection.",ACM,Jinbo Bi
"LungCAD: a clinically approved, machine learning system for lung cancer detection.",ACM,Glenn Fung
"LungCAD: a clinically approved, machine learning system for lung cancer detection.",ACM,Marcos Salganicoff
"LungCAD: a clinically approved, machine learning system for lung cancer detection.",ACM,Nancy Obuchowski
"LungCAD: a clinically approved, machine learning system for lung cancer detection.",ACM,David P. Naidich
Robust Large-Scale Machine Learning in the Cloud.,ACM,Steffen Rendle
Robust Large-Scale Machine Learning in the Cloud.,ACM,Dennis Fetterly
Robust Large-Scale Machine Learning in the Cloud.,ACM,Eugene J. Shekita
Robust Large-Scale Machine Learning in the Cloud.,ACM,Bor-Yiing Su
Algorithms for interpretable machine learning.,ACM,Cynthia Rudin
An Architecture for Agile Machine Learning in Real-Time Applications.,ACM,Johann Schleier-Smith
Scalable Machine Learning Approaches for Neighborhood Classification Using Very High Resolution Remote Sensing Imagery.,ACM,Manu Sethi
Scalable Machine Learning Approaches for Neighborhood Classification Using Very High Resolution Remote Sensing Imagery.,ACM,Yupeng Yan
Scalable Machine Learning Approaches for Neighborhood Classification Using Very High Resolution Remote Sensing Imagery.,ACM,Anand Rangarajan
Scalable Machine Learning Approaches for Neighborhood Classification Using Very High Resolution Remote Sensing Imagery.,ACM,Ranga Raju Vatsavai
Scalable Machine Learning Approaches for Neighborhood Classification Using Very High Resolution Remote Sensing Imagery.,ACM,Sanjay Ranka
Spoken English Grading: Machine Learning with Crowd Intelligence.,ACM,Vinay Shashidhar
Spoken English Grading: Machine Learning with Crowd Intelligence.,ACM,Nishant Pandey
Spoken English Grading: Machine Learning with Crowd Intelligence.,ACM,Varun Aggarwal
Question Independent Grading using Machine Learning: The Case of Computer Program Grading.,ACM,Gursimran Singh
Question Independent Grading using Machine Learning: The Case of Computer Program Grading.,ACM,Shashank Srikant
Question Independent Grading using Machine Learning: The Case of Computer Program Grading.,ACM,Varun Aggarwal
A system to grade computer programming skills using machine learning.,ACM,Shashank Srikant
A system to grade computer programming skills using machine learning.,ACM,Varun Aggarwal
Large-Scale Machine Learning at Verizon: Theory and Applications.,ACM,Ashok Srivastava
Compute Job Memory Recommender System Using Machine Learning.,ACM,Taraneh Taghavi
Compute Job Memory Recommender System Using Machine Learning.,ACM,Maria Lupetini
Compute Job Memory Recommender System Using Machine Learning.,ACM,Yaron Kretchmer
Taking machine learning research online with OpenML.,JMLR.org,Joaquin Vanschoren
Taking machine learning research online with OpenML.,JMLR.org,Jan N. van Rijn
Taking machine learning research online with OpenML.,JMLR.org,Bernd Bischl
Applications of data mining and machine learning in online customer care.,ACM,Ravi Vijayaraghavan
Applications of data mining and machine learning in online customer care.,ACM,P. V. Kannan
Petuum: A New Platform for Distributed Machine Learning on Big Data.,ACM,Eric P. Xing
Petuum: A New Platform for Distributed Machine Learning on Big Data.,ACM,Qirong Ho
Petuum: A New Platform for Distributed Machine Learning on Big Data.,ACM,Wei Dai
Petuum: A New Platform for Distributed Machine Learning on Big Data.,ACM,Jin Kyu Kim
Petuum: A New Platform for Distributed Machine Learning on Big Data.,ACM,Jinliang Wei
Petuum: A New Platform for Distributed Machine Learning on Big Data.,ACM,Seunghak Lee
Petuum: A New Platform for Distributed Machine Learning on Big Data.,ACM,Xun Zheng
Petuum: A New Platform for Distributed Machine Learning on Big Data.,ACM,Pengtao Xie
Petuum: A New Platform for Distributed Machine Learning on Big Data.,ACM,Abhimanu Kumar
Petuum: A New Platform for Distributed Machine Learning on Big Data.,ACM,Yaoliang Yu
Machine learning for stock selection.,ACM,Robert J. Yan
Machine learning for stock selection.,ACM,Charles X. Ling
Adversarial support vector machine learning.,ACM,Yan Zhou
Adversarial support vector machine learning.,ACM,Murat Kantarcioglu
Adversarial support vector machine learning.,ACM,Bhavani M. Thuraisingham
Adversarial support vector machine learning.,ACM,Bowei Xi
Machine learning for physical layer link adaptation in multiple-antenna wireless networks.,ACM,Robert C. Daniels
Machine learning for physical layer link adaptation in multiple-antenna wireless networks.,ACM,Ketan Mandke
Machine learning for physical layer link adaptation in multiple-antenna wireless networks.,ACM,Steven W. Peters
Machine learning for physical layer link adaptation in multiple-antenna wireless networks.,ACM,Scott Nettles
Machine learning for physical layer link adaptation in multiple-antenna wireless networks.,ACM,Robert W. Heath Jr.
Exploiting Machine Learning to Subvert Your Spam Filter.,USENIX Association,Blaine Nelson
Exploiting Machine Learning to Subvert Your Spam Filter.,USENIX Association,Marco Barreno
Exploiting Machine Learning to Subvert Your Spam Filter.,USENIX Association,Fuching Jack Chi
Exploiting Machine Learning to Subvert Your Spam Filter.,USENIX Association,Anthony D. Joseph
Exploiting Machine Learning to Subvert Your Spam Filter.,USENIX Association,Benjamin I. P. Rubinstein
Exploiting Machine Learning to Subvert Your Spam Filter.,USENIX Association,Udam Saini
Exploiting Machine Learning to Subvert Your Spam Filter.,USENIX Association,Charles A. Sutton
Exploiting Machine Learning to Subvert Your Spam Filter.,USENIX Association,J. Doug Tygar
Exploiting Machine Learning to Subvert Your Spam Filter.,USENIX Association,Kai Xia
TensorFlow: A System for Large-Scale Machine Learning.,USENIX Association,Martín Abadi
TensorFlow: A System for Large-Scale Machine Learning.,USENIX Association,Paul Barham
TensorFlow: A System for Large-Scale Machine Learning.,USENIX Association,Jianmin Chen
TensorFlow: A System for Large-Scale Machine Learning.,USENIX Association,Zhifeng Chen
TensorFlow: A System for Large-Scale Machine Learning.,USENIX Association,Andy Davis
TensorFlow: A System for Large-Scale Machine Learning.,USENIX Association,Jeffrey Dean
TensorFlow: A System for Large-Scale Machine Learning.,USENIX Association,Matthieu Devin
TensorFlow: A System for Large-Scale Machine Learning.,USENIX Association,Sanjay Ghemawat
TensorFlow: A System for Large-Scale Machine Learning.,USENIX Association,Geoffrey Irving
TensorFlow: A System for Large-Scale Machine Learning.,USENIX Association,Michael Isard
TensorFlow: A System for Large-Scale Machine Learning.,USENIX Association,Manjunath Kudlur
TensorFlow: A System for Large-Scale Machine Learning.,USENIX Association,Josh Levenberg
TensorFlow: A System for Large-Scale Machine Learning.,USENIX Association,Rajat Monga
TensorFlow: A System for Large-Scale Machine Learning.,USENIX Association,Sherry Moore
TensorFlow: A System for Large-Scale Machine Learning.,USENIX Association,Derek Gordon Murray
TensorFlow: A System for Large-Scale Machine Learning.,USENIX Association,Benoit Steiner
TensorFlow: A System for Large-Scale Machine Learning.,USENIX Association,Paul A. Tucker
TensorFlow: A System for Large-Scale Machine Learning.,USENIX Association,Vijay Vasudevan
TensorFlow: A System for Large-Scale Machine Learning.,USENIX Association,Pete Warden
TensorFlow: A System for Large-Scale Machine Learning.,USENIX Association,Martin Wicke
TensorFlow: A System for Large-Scale Machine Learning.,USENIX Association,Yuan Yu
TensorFlow: A System for Large-Scale Machine Learning.,USENIX Association,Xiaoqiang Zheng
Scaling Distributed Machine Learning with the Parameter Server.,USENIX Association,Mu Li
Scaling Distributed Machine Learning with the Parameter Server.,USENIX Association,David G. Andersen
Scaling Distributed Machine Learning with the Parameter Server.,USENIX Association,Jun Woo Park
Scaling Distributed Machine Learning with the Parameter Server.,USENIX Association,Alexander J. Smola
Scaling Distributed Machine Learning with the Parameter Server.,USENIX Association,Amr Ahmed
Scaling Distributed Machine Learning with the Parameter Server.,USENIX Association,Vanja Josifovski
Scaling Distributed Machine Learning with the Parameter Server.,USENIX Association,James Long
Scaling Distributed Machine Learning with the Parameter Server.,USENIX Association,Eugene J. Shekita
Scaling Distributed Machine Learning with the Parameter Server.,USENIX Association,Bor-Yiing Su
Meta optimization: improving compiler heuristics with machine learning.,ACM,Mark Stephenson
Meta optimization: improving compiler heuristics with machine learning.,ACM,Saman P. Amarasinghe
Meta optimization: improving compiler heuristics with machine learning.,ACM,Martin C. Martin
Meta optimization: improving compiler heuristics with machine learning.,ACM,Una-May O'Reilly
Purifying data by machine learning with certainty levels.,ACM,Shlomi Dolev
Purifying data by machine learning with certainty levels.,ACM,Guy Leshem
Purifying data by machine learning with certainty levels.,ACM,Reuven Yagel
"Desperately Seeking Theory: Gamification, Design, Data, Machine Learning, and the Promise of Double Loop Learning Systems.",CEUR-WS.org,Sebastian Deterding
Big Data in Climate: Opportunities and Challenges for Machine Learning.,ACM,Vipin Kumar
Uncovering social spammers: social honeypots + machine learning.,ACM,Kyumin Lee
Uncovering social spammers: social honeypots + machine learning.,ACM,James Caverlee
Uncovering social spammers: social honeypots + machine learning.,ACM,Steve Webb
Social annotation in query expansion: a machine learning approach.,ACM,Yuan Lin
Social annotation in query expansion: a machine learning approach.,ACM,Hongfei Lin
Social annotation in query expansion: a machine learning approach.,ACM,Song Jin
Social annotation in query expansion: a machine learning approach.,ACM,Zheng Ye
Beyond bag-of-words: machine learning for query-document matching in web search.,ACM,Hang Li
Beyond bag-of-words: machine learning for query-document matching in web search.,ACM,Jun Xu 0001
Gamification for Machine Learning: The Classification Game.,CEUR-WS.org,Giorgio Maria Di Nunzio
Gamification for Machine Learning: The Classification Game.,CEUR-WS.org,Maria Maistro
Gamification for Machine Learning: The Classification Game.,CEUR-WS.org,Daniel Zilio
Learning to suggest: a machine learning framework for ranking query suggestions.,ACM,Umut Ozertem
Learning to suggest: a machine learning framework for ranking query suggestions.,ACM,Olivier Chapelle
Learning to suggest: a machine learning framework for ranking query suggestions.,ACM,Pinar Donmez
Learning to suggest: a machine learning framework for ranking query suggestions.,ACM,Emre Velipasaoglu
A large scale machine learning system for recommending heterogeneous content in social networks.,ACM,Yanxin Shi
A large scale machine learning system for recommending heterogeneous content in social networks.,ACM,David Ye
A large scale machine learning system for recommending heterogeneous content in social networks.,ACM,Andrey Goder
A large scale machine learning system for recommending heterogeneous content in social networks.,ACM,Srinivas Narayanan
Machine learning for information retrieval.,ACM,Luo Si
Machine learning for information retrieval.,ACM,Rong Jin
Focused named entity recognition using machine learning.,ACM,Li Zhang
Focused named entity recognition using machine learning.,ACM,Yue Pan
Focused named entity recognition using machine learning.,ACM,Tong Zhang 0001
A machine learning approach to TCP throughput prediction.,ACM,Mariyam Mirza
A machine learning approach to TCP throughput prediction.,ACM,Joel Sommers
A machine learning approach to TCP throughput prediction.,ACM,Paul Barford
A machine learning approach to TCP throughput prediction.,ACM,Xiaojin Zhu 0001
Applications of machine learning to performance evaluation.,ACM,Edmundo de Souza e Silva
Applications of machine learning to performance evaluation.,ACM,Daniel Sadoc Menasché
A comparison of platforms for implementing and running very large scale machine learning algorithms.,ACM,Zhuhua Cai
A comparison of platforms for implementing and running very large scale machine learning algorithms.,ACM,Zekai J. Gao
A comparison of platforms for implementing and running very large scale machine learning algorithms.,ACM,Shangyu Luo
A comparison of platforms for implementing and running very large scale machine learning algorithms.,ACM,Luis Leopoldo Perez
A comparison of platforms for implementing and running very large scale machine learning algorithms.,ACM,Zografoula Vagena
A comparison of platforms for implementing and running very large scale machine learning algorithms.,ACM,Christopher M. Jermaine
Machine learning for big data.,ACM,Tyson Condie
Machine learning for big data.,ACM,Paul Mineiro
Machine learning for big data.,ACM,Neoklis Polyzotis
Machine learning for big data.,ACM,Markus Weimer
Building Machine Learning Systems that Understand.,ACM,Jeff Dean
M3: Scaling Up Machine Learning via Memory Mapping.,ACM,Dezhi Fang
M3: Scaling Up Machine Learning via Memory Mapping.,ACM,Duen Horng Chau
Resource Elasticity for Large-Scale Machine Learning.,ACM,Botong Huang
Resource Elasticity for Large-Scale Machine Learning.,ACM,Matthias Boehm 0001
Resource Elasticity for Large-Scale Machine Learning.,ACM,Yuanyuan Tian
Resource Elasticity for Large-Scale Machine Learning.,ACM,Berthold Reinwald
Resource Elasticity for Large-Scale Machine Learning.,ACM,Shirish Tatikonda
Resource Elasticity for Large-Scale Machine Learning.,ACM,Frederick R. Reiss
Visual exploration of machine learning results using data cube analysis.,ACM,Minsuk Kahng
Visual exploration of machine learning results using data cube analysis.,ACM,Dezhi Fang
Visual exploration of machine learning results using data cube analysis.,ACM,Duen Horng (Polo) Chau
ActiveClean: An Interactive Data Cleaning Framework For Modern Machine Learning.,ACM,Sanjay Krishnan
ActiveClean: An Interactive Data Cleaning Framework For Modern Machine Learning.,ACM,Michael J. Franklin
ActiveClean: An Interactive Data Cleaning Framework For Modern Machine Learning.,ACM,Ken Goldberg
ActiveClean: An Interactive Data Cleaning Framework For Modern Machine Learning.,ACM,Jiannan Wang
ActiveClean: An Interactive Data Cleaning Framework For Modern Machine Learning.,ACM,Eugene Wu 0002
Large-scale machine learning at twitter.,ACM,Jimmy J. Lin
Large-scale machine learning at twitter.,ACM,Alek Kolcz
Machine Learning and Databases: The Sound of Things to Come or a Cacophony of Hype?,ACM,Christopher Ré
Machine Learning and Databases: The Sound of Things to Come or a Cacophony of Hype?,ACM,Divy Agrawal
Machine Learning and Databases: The Sound of Things to Come or a Cacophony of Hype?,ACM,Magdalena Balazinska
Machine Learning and Databases: The Sound of Things to Come or a Cacophony of Hype?,ACM,Michael J. Cafarella
Machine Learning and Databases: The Sound of Things to Come or a Cacophony of Hype?,ACM,Michael I. Jordan
Machine Learning and Databases: The Sound of Things to Come or a Cacophony of Hype?,ACM,Tim Kraska
Machine Learning and Databases: The Sound of Things to Come or a Cacophony of Hype?,ACM,Raghu Ramakrishnan
ModelDB: a system for machine learning model management.,ACM,Manasi Vartak
ModelDB: a system for machine learning model management.,ACM,Harihar Subramanyam
ModelDB: a system for machine learning model management.,ACM,Wei-En Lee
ModelDB: a system for machine learning model management.,ACM,Srinidhi Viswanathan
ModelDB: a system for machine learning model management.,ACM,Saadiyah Husnoo
ModelDB: a system for machine learning model management.,ACM,Samuel Madden
ModelDB: a system for machine learning model management.,ACM,Matei Zaharia
Model-centric computation abstractions in machine learning applications.,ACM,Bingjing Zhang
Model-centric computation abstractions in machine learning applications.,ACM,Bo Peng
Model-centric computation abstractions in machine learning applications.,ACM,Judy Qiu
Grammatical Inference and Machine Learning Approaches to Post-Hoc LangSec.,IEEE Computer Society,Sheridan S. Curley
Grammatical Inference and Machine Learning Approaches to Post-Hoc LangSec.,IEEE Computer Society,Richard E. Harang
Outside the Closed World: On Using Machine Learning for Network Intrusion Detection.,IEEE Computer Society,Robin Sommer
Outside the Closed World: On Using Machine Learning for Network Intrusion Detection.,IEEE Computer Society,Vern Paxson
"Algorithmic Statistics, Prediction and Machine Learning.",Schloss Dagstuhl - Leibniz-Zentrum fuer Informatik,Alexey Milovanov
Designing for effective end-user interaction with machine learning.,ACM,Saleema Amershi
"Tohme: detecting curb ramps in google street view using crowdsourcing, computer vision, and machine learning.",ACM,Kotaro Hara
"Tohme: detecting curb ramps in google street view using crowdsourcing, computer vision, and machine learning.",ACM,Jin Sun
"Tohme: detecting curb ramps in google street view using crowdsourcing, computer vision, and machine learning.",ACM,Robert Moore
"Tohme: detecting curb ramps in google street view using crowdsourcing, computer vision, and machine learning.",ACM,David Jacobs
"Tohme: detecting curb ramps in google street view using crowdsourcing, computer vision, and machine learning.",ACM,Jon Froehlich
Lowering the barrier to applying machine learning.,ACM,Kayur Patel
Gestalt: integrated support for implementation and analysis in machine learning.,ACM,Kayur Patel
Gestalt: integrated support for implementation and analysis in machine learning.,ACM,Naomi Bancroft
Gestalt: integrated support for implementation and analysis in machine learning.,ACM,Steven M. Drucker
Gestalt: integrated support for implementation and analysis in machine learning.,ACM,James Fogarty
Gestalt: integrated support for implementation and analysis in machine learning.,ACM,Andrew J. Ko
Gestalt: integrated support for implementation and analysis in machine learning.,ACM,James A. Landay
Machine learning models for uncertain interaction.,ACM,Daryl Weir
A user-specific machine learning approach for improving touch accuracy on mobile devices.,ACM,Daryl Weir
A user-specific machine learning approach for improving touch accuracy on mobile devices.,ACM,Simon Rogers
A user-specific machine learning approach for improving touch accuracy on mobile devices.,ACM,Roderick Murray-Smith
A user-specific machine learning approach for improving touch accuracy on mobile devices.,ACM,Markus Löchtefeld
Identifying Auto-Generated Code by Using Machine Learning Techniques.,IEEE Computer Society,Kento Shimonaka
Identifying Auto-Generated Code by Using Machine Learning Techniques.,IEEE Computer Society,Soichi Sumi
Identifying Auto-Generated Code by Using Machine Learning Techniques.,IEEE Computer Society,Yoshiki Higo
Identifying Auto-Generated Code by Using Machine Learning Techniques.,IEEE Computer Society,Shinji Kusumoto
Machine Learning for Q&A Sites: State of the Art and Research Directions.,ACM,Xavier Amatriain
Browsing on small screens: recasting web-page segmentation into an efficient machine learning framework.,ACM,Shumeet Baluja
Quite a mess in my cookie jar!: leveraging machine learning to protect web authentication.,ACM,Stefano Calzavara
Quite a mess in my cookie jar!: leveraging machine learning to protect web authentication.,ACM,Gabriele Tolomei
Quite a mess in my cookie jar!: leveraging machine learning to protect web authentication.,ACM,Michele Bugliesi
Quite a mess in my cookie jar!: leveraging machine learning to protect web authentication.,ACM,Salvatore Orlando
A Machine learning Filter for Relation Extraction.,ACM,Kevin Lange Di Cesare
A Machine learning Filter for Relation Extraction.,ACM,Michel Gagnon
A Machine learning Filter for Relation Extraction.,ACM,Amal Zouaq
A Machine learning Filter for Relation Extraction.,ACM,Ludovic Jean-Louis
Diffusion in Social and Information Metworks: Research Problems; Probabilistic Models & Machine Learning Methods.,ACM,Manuel Gomez-Rodriguez
Diffusion in Social and Information Metworks: Research Problems; Probabilistic Models & Machine Learning Methods.,ACM,Le Song
Machine learning in an auction environment.,ACM,Patrick Hummel
Machine learning in an auction environment.,ACM,R. Preston McAfee
Factorizing YAGO: scalable machine learning for linked data.,ACM,Maximilian Nickel
Factorizing YAGO: scalable machine learning for linked data.,ACM,Volker Tresp
Factorizing YAGO: scalable machine learning for linked data.,ACM,Hans-Peter Kriegel
Collective intelligence as a source for machine learning self-supervision.,ACM,Saulo D. S. Pedro
Collective intelligence as a source for machine learning self-supervision.,ACM,Estevam R. Hruschka Jr.
"Knowledge Extraction in Web Media: At The Frontier of NLP, Machine Learning and Semantics.",ACM,Julien Plu
Beyond PageRank: machine learning for static ranking.,ACM,Matthew Richardson
Beyond PageRank: machine learning for static ranking.,ACM,Amit Prakash
Beyond PageRank: machine learning for static ranking.,ACM,Eric Brill
Language Understanding in the Wild: Combining Crowdsourcing and Machine Learning.,ACM,Edwin D. Simpson
Language Understanding in the Wild: Combining Crowdsourcing and Machine Learning.,ACM,Matteo Venanzi
Language Understanding in the Wild: Combining Crowdsourcing and Machine Learning.,ACM,Steven Reece
Language Understanding in the Wild: Combining Crowdsourcing and Machine Learning.,ACM,Pushmeet Kohli
Language Understanding in the Wild: Combining Crowdsourcing and Machine Learning.,ACM,John Guiver
Language Understanding in the Wild: Combining Crowdsourcing and Machine Learning.,ACM,Stephen J. Roberts
Language Understanding in the Wild: Combining Crowdsourcing and Machine Learning.,ACM,Nicholas R. Jennings
A machine learning based approach for table detection on the web.,ACM,Yalin Wang
A machine learning based approach for table detection on the web.,ACM,Jianying Hu
